Email_address,First_name,Last_name,Course_id,Grade,Marks
user0@test.com,Test,User,DATA200,A,50
user1@test.com,Test,User,DATA200,A,51
user2@test.com,Test,User,DATA200,A,52
user3@test.com,Test,User,DATA200,A,53
user4@test.com,Test,User,DATA200,A,54
user5@test.com,Test,User,DATA200,A,55
user6@test.com,Test,User,DATA200,A,56
user7@test.com,Test,User,DATA200,A,57
user8@test.com,Test,User,DATA200,A,58
user9@test.com,Test,User,DATA200,A,59
user10@test.com,Test,User,DATA200,A,60
user11@test.com,Test,User,DATA200,A,61
user12@test.com,Test,User,DATA200,A,62
user13@test.com,Test,User,DATA200,A,63
user14@test.com,Test,User,DATA200,A,64
user15@test.com,Test,User,DATA200,A,65
user16@test.com,Test,User,DATA200,A,66
user17@test.com,Test,User,DATA200,A,67
user18@test.com,Test,User,DATA200,A,68
user19@test.com,Test,User,DATA200,A,69
user20@test.com,Test,User,DATA200,A,70
user21@test.com,Test,User,DATA200,A,71
user22@test.com,Test,User,DATA200,A,72
user23@test.com,Test,User,DATA200,A,73
user24@test.com,Test,User,DATA200,A,74
user25@test.com,Test,User,DATA200,A,75
user26@test.com,Test,User,DATA200,A,76
user27@test.com,Test,User,DATA200,A,77
user28@test.com,Test,User,DATA200,A,78
user29@test.com,Test,User,DATA200,A,79
user30@test.com,Test,User,DATA200,A,80
user31@test.com,Test,User,DATA200,A,81
user32@test.com,Test,User,DATA200,A,82
user33@test.com,Test,User,DATA200,A,83
user34@test.com,Test,User,DATA200,A,84
user35@test.com,Test,User,DATA200,A,85
user36@test.com,Test,User,DATA200,A,86
user37@test.com,Test,User,DATA200,A,87
user38@test.com,Test,User,DATA200,A,88
user39@test.com,Test,User,DATA200,A,89
user40@test.com,Test,User,DATA200,A,90
user41@test.com,Test,User,DATA200,A,91
user42@test.com,Test,User,DATA200,A,92
user43@test.com,Test,User,DATA200,A,93
user44@test.com,Test,User,DATA200,A,94
user45@test.com,Test,User,DATA200,A,95
user46@test.com,Test,User,DATA200,A,96
user47@test.com,Test,User,DATA200,A,97
user48@test.com,Test,User,DATA200,A,98
user49@test.com,Test,User,DATA200,A,99
user50@test.com,Test,User,DATA200,A,50
user51@test.com,Test,User,DATA200,A,51
user52@test.com,Test,User,DATA200,A,52
user53@test.com,Test,User,DATA200,A,53
user54@test.com,Test,User,DATA200,A,54
user55@test.com,Test,User,DATA200,A,55
user56@test.com,Test,User,DATA200,A,56
user57@test.com,Test,User,DATA200,A,57
user58@test.com,Test,User,DATA200,A,58
user59@test.com,Test,User,DATA200,A,59
user60@test.com,Test,User,DATA200,A,60
user61@test.com,Test,User,DATA200,A,61
user62@test.com,Test,User,DATA200,A,62
user63@test.com,Test,User,DATA200,A,63
user64@test.com,Test,User,DATA200,A,64
user65@test.com,Test,User,DATA200,A,65
user66@test.com,Test,User,DATA200,A,66
user67@test.com,Test,User,DATA200,A,67
user68@test.com,Test,User,DATA200,A,68
user69@test.com,Test,User,DATA200,A,69
user70@test.com,Test,User,DATA200,A,70
user71@test.com,Test,User,DATA200,A,71
user72@test.com,Test,User,DATA200,A,72
user73@test.com,Test,User,DATA200,A,73
user74@test.com,Test,User,DATA200,A,74
user75@test.com,Test,User,DATA200,A,75
user76@test.com,Test,User,DATA200,A,76
user77@test.com,Test,User,DATA200,A,77
user78@test.com,Test,User,DATA200,A,78
user79@test.com,Test,User,DATA200,A,79
user80@test.com,Test,User,DATA200,A,80
user81@test.com,Test,User,DATA200,A,81
user82@test.com,Test,User,DATA200,A,82
user83@test.com,Test,User,DATA200,A,83
user84@test.com,Test,User,DATA200,A,84
user85@test.com,Test,User,DATA200,A,85
user86@test.com,Test,User,DATA200,A,86
user87@test.com,Test,User,DATA200,A,87
user88@test.com,Test,User,DATA200,A,88
user89@test.com,Test,User,DATA200,A,89
user90@test.com,Test,User,DATA200,A,90
user91@test.com,Test,User,DATA200,A,91
user92@test.com,Test,User,DATA200,A,92
user93@test.com,Test,User,DATA200,A,93
user94@test.com,Test,User,DATA200,A,94
user95@test.com,Test,User,DATA200,A,95
user96@test.com,Test,User,DATA200,A,96
user97@test.com,Test,User,DATA200,A,97
user98@test.com,Test,User,DATA200,A,98
user99@test.com,Test,User,DATA200,A,99
user100@test.com,Test,User,DATA200,A,50
user101@test.com,Test,User,DATA200,A,51
user102@test.com,Test,User,DATA200,A,52
user103@test.com,Test,User,DATA200,A,53
user104@test.com,Test,User,DATA200,A,54
user105@test.com,Test,User,DATA200,A,55
user106@test.com,Test,User,DATA200,A,56
user107@test.com,Test,User,DATA200,A,57
user108@test.com,Test,User,DATA200,A,58
user109@test.com,Test,User,DATA200,A,59
user110@test.com,Test,User,DATA200,A,60
user111@test.com,Test,User,DATA200,A,61
user112@test.com,Test,User,DATA200,A,62
user113@test.com,Test,User,DATA200,A,63
user114@test.com,Test,User,DATA200,A,64
user115@test.com,Test,User,DATA200,A,65
user116@test.com,Test,User,DATA200,A,66
user117@test.com,Test,User,DATA200,A,67
user118@test.com,Test,User,DATA200,A,68
user119@test.com,Test,User,DATA200,A,69
user120@test.com,Test,User,DATA200,A,70
user121@test.com,Test,User,DATA200,A,71
user122@test.com,Test,User,DATA200,A,72
user123@test.com,Test,User,DATA200,A,73
user124@test.com,Test,User,DATA200,A,74
user125@test.com,Test,User,DATA200,A,75
user126@test.com,Test,User,DATA200,A,76
user127@test.com,Test,User,DATA200,A,77
user128@test.com,Test,User,DATA200,A,78
user129@test.com,Test,User,DATA200,A,79
user130@test.com,Test,User,DATA200,A,80
user131@test.com,Test,User,DATA200,A,81
user132@test.com,Test,User,DATA200,A,82
user133@test.com,Test,User,DATA200,A,83
user134@test.com,Test,User,DATA200,A,84
user135@test.com,Test,User,DATA200,A,85
user136@test.com,Test,User,DATA200,A,86
user137@test.com,Test,User,DATA200,A,87
user138@test.com,Test,User,DATA200,A,88
user139@test.com,Test,User,DATA200,A,89
user140@test.com,Test,User,DATA200,A,90
user141@test.com,Test,User,DATA200,A,91
user142@test.com,Test,User,DATA200,A,92
user143@test.com,Test,User,DATA200,A,93
user144@test.com,Test,User,DATA200,A,94
user145@test.com,Test,User,DATA200,A,95
user146@test.com,Test,User,DATA200,A,96
user147@test.com,Test,User,DATA200,A,97
user148@test.com,Test,User,DATA200,A,98
user149@test.com,Test,User,DATA200,A,99
user150@test.com,Test,User,DATA200,A,50
user151@test.com,Test,User,DATA200,A,51
user152@test.com,Test,User,DATA200,A,52
user153@test.com,Test,User,DATA200,A,53
user154@test.com,Test,User,DATA200,A,54
user155@test.com,Test,User,DATA200,A,55
user156@test.com,Test,User,DATA200,A,56
user157@test.com,Test,User,DATA200,A,57
user158@test.com,Test,User,DATA200,A,58
user159@test.com,Test,User,DATA200,A,59
user160@test.com,Test,User,DATA200,A,60
user161@test.com,Test,User,DATA200,A,61
user162@test.com,Test,User,DATA200,A,62
user163@test.com,Test,User,DATA200,A,63
user164@test.com,Test,User,DATA200,A,64
user165@test.com,Test,User,DATA200,A,65
user166@test.com,Test,User,DATA200,A,66
user167@test.com,Test,User,DATA200,A,67
user168@test.com,Test,User,DATA200,A,68
user169@test.com,Test,User,DATA200,A,69
user170@test.com,Test,User,DATA200,A,70
user171@test.com,Test,User,DATA200,A,71
user172@test.com,Test,User,DATA200,A,72
user173@test.com,Test,User,DATA200,A,73
user174@test.com,Test,User,DATA200,A,74
user175@test.com,Test,User,DATA200,A,75
user176@test.com,Test,User,DATA200,A,76
user177@test.com,Test,User,DATA200,A,77
user178@test.com,Test,User,DATA200,A,78
user179@test.com,Test,User,DATA200,A,79
user180@test.com,Test,User,DATA200,A,80
user181@test.com,Test,User,DATA200,A,81
user182@test.com,Test,User,DATA200,A,82
user183@test.com,Test,User,DATA200,A,83
user184@test.com,Test,User,DATA200,A,84
user185@test.com,Test,User,DATA200,A,85
user186@test.com,Test,User,DATA200,A,86
user187@test.com,Test,User,DATA200,A,87
user188@test.com,Test,User,DATA200,A,88
user189@test.com,Test,User,DATA200,A,89
user190@test.com,Test,User,DATA200,A,90
user191@test.com,Test,User,DATA200,A,91
user192@test.com,Test,User,DATA200,A,92
user193@test.com,Test,User,DATA200,A,93
user194@test.com,Test,User,DATA200,A,94
user195@test.com,Test,User,DATA200,A,95
user196@test.com,Test,User,DATA200,A,96
user197@test.com,Test,User,DATA200,A,97
user198@test.com,Test,User,DATA200,A,98
user199@test.com,Test,User,DATA200,A,99
user200@test.com,Test,User,DATA200,A,50
user201@test.com,Test,User,DATA200,A,51
user202@test.com,Test,User,DATA200,A,52
user203@test.com,Test,User,DATA200,A,53
user204@test.com,Test,User,DATA200,A,54
user205@test.com,Test,User,DATA200,A,55
user206@test.com,Test,User,DATA200,A,56
user207@test.com,Test,User,DATA200,A,57
user208@test.com,Test,User,DATA200,A,58
user209@test.com,Test,User,DATA200,A,59
user210@test.com,Test,User,DATA200,A,60
user211@test.com,Test,User,DATA200,A,61
user212@test.com,Test,User,DATA200,A,62
user213@test.com,Test,User,DATA200,A,63
user214@test.com,Test,User,DATA200,A,64
user215@test.com,Test,User,DATA200,A,65
user216@test.com,Test,User,DATA200,A,66
user217@test.com,Test,User,DATA200,A,67
user218@test.com,Test,User,DATA200,A,68
user219@test.com,Test,User,DATA200,A,69
user220@test.com,Test,User,DATA200,A,70
user221@test.com,Test,User,DATA200,A,71
user222@test.com,Test,User,DATA200,A,72
user223@test.com,Test,User,DATA200,A,73
user224@test.com,Test,User,DATA200,A,74
user225@test.com,Test,User,DATA200,A,75
user226@test.com,Test,User,DATA200,A,76
user227@test.com,Test,User,DATA200,A,77
user228@test.com,Test,User,DATA200,A,78
user229@test.com,Test,User,DATA200,A,79
user230@test.com,Test,User,DATA200,A,80
user231@test.com,Test,User,DATA200,A,81
user232@test.com,Test,User,DATA200,A,82
user233@test.com,Test,User,DATA200,A,83
user234@test.com,Test,User,DATA200,A,84
user235@test.com,Test,User,DATA200,A,85
user236@test.com,Test,User,DATA200,A,86
user237@test.com,Test,User,DATA200,A,87
user238@test.com,Test,User,DATA200,A,88
user239@test.com,Test,User,DATA200,A,89
user240@test.com,Test,User,DATA200,A,90
user241@test.com,Test,User,DATA200,A,91
user242@test.com,Test,User,DATA200,A,92
user243@test.com,Test,User,DATA200,A,93
user244@test.com,Test,User,DATA200,A,94
user245@test.com,Test,User,DATA200,A,95
user246@test.com,Test,User,DATA200,A,96
user247@test.com,Test,User,DATA200,A,97
user248@test.com,Test,User,DATA200,A,98
user249@test.com,Test,User,DATA200,A,99
user250@test.com,Test,User,DATA200,A,50
user251@test.com,Test,User,DATA200,A,51
user252@test.com,Test,User,DATA200,A,52
user253@test.com,Test,User,DATA200,A,53
user254@test.com,Test,User,DATA200,A,54
user255@test.com,Test,User,DATA200,A,55
user256@test.com,Test,User,DATA200,A,56
user257@test.com,Test,User,DATA200,A,57
user258@test.com,Test,User,DATA200,A,58
user259@test.com,Test,User,DATA200,A,59
user260@test.com,Test,User,DATA200,A,60
user261@test.com,Test,User,DATA200,A,61
user262@test.com,Test,User,DATA200,A,62
user263@test.com,Test,User,DATA200,A,63
user264@test.com,Test,User,DATA200,A,64
user265@test.com,Test,User,DATA200,A,65
user266@test.com,Test,User,DATA200,A,66
user267@test.com,Test,User,DATA200,A,67
user268@test.com,Test,User,DATA200,A,68
user269@test.com,Test,User,DATA200,A,69
user270@test.com,Test,User,DATA200,A,70
user271@test.com,Test,User,DATA200,A,71
user272@test.com,Test,User,DATA200,A,72
user273@test.com,Test,User,DATA200,A,73
user274@test.com,Test,User,DATA200,A,74
user275@test.com,Test,User,DATA200,A,75
user276@test.com,Test,User,DATA200,A,76
user277@test.com,Test,User,DATA200,A,77
user278@test.com,Test,User,DATA200,A,78
user279@test.com,Test,User,DATA200,A,79
user280@test.com,Test,User,DATA200,A,80
user281@test.com,Test,User,DATA200,A,81
user282@test.com,Test,User,DATA200,A,82
user283@test.com,Test,User,DATA200,A,83
user284@test.com,Test,User,DATA200,A,84
user285@test.com,Test,User,DATA200,A,85
user286@test.com,Test,User,DATA200,A,86
user287@test.com,Test,User,DATA200,A,87
user288@test.com,Test,User,DATA200,A,88
user289@test.com,Test,User,DATA200,A,89
user290@test.com,Test,User,DATA200,A,90
user291@test.com,Test,User,DATA200,A,91
user292@test.com,Test,User,DATA200,A,92
user293@test.com,Test,User,DATA200,A,93
user294@test.com,Test,User,DATA200,A,94
user295@test.com,Test,User,DATA200,A,95
user296@test.com,Test,User,DATA200,A,96
user297@test.com,Test,User,DATA200,A,97
user298@test.com,Test,User,DATA200,A,98
user299@test.com,Test,User,DATA200,A,99
user300@test.com,Test,User,DATA200,A,50
user301@test.com,Test,User,DATA200,A,51
user302@test.com,Test,User,DATA200,A,52
user303@test.com,Test,User,DATA200,A,53
user304@test.com,Test,User,DATA200,A,54
user305@test.com,Test,User,DATA200,A,55
user306@test.com,Test,User,DATA200,A,56
user307@test.com,Test,User,DATA200,A,57
user308@test.com,Test,User,DATA200,A,58
user309@test.com,Test,User,DATA200,A,59
user310@test.com,Test,User,DATA200,A,60
user311@test.com,Test,User,DATA200,A,61
user312@test.com,Test,User,DATA200,A,62
user313@test.com,Test,User,DATA200,A,63
user314@test.com,Test,User,DATA200,A,64
user315@test.com,Test,User,DATA200,A,65
user316@test.com,Test,User,DATA200,A,66
user317@test.com,Test,User,DATA200,A,67
user318@test.com,Test,User,DATA200,A,68
user319@test.com,Test,User,DATA200,A,69
user320@test.com,Test,User,DATA200,A,70
user321@test.com,Test,User,DATA200,A,71
user322@test.com,Test,User,DATA200,A,72
user323@test.com,Test,User,DATA200,A,73
user324@test.com,Test,User,DATA200,A,74
user325@test.com,Test,User,DATA200,A,75
user326@test.com,Test,User,DATA200,A,76
user327@test.com,Test,User,DATA200,A,77
user328@test.com,Test,User,DATA200,A,78
user329@test.com,Test,User,DATA200,A,79
user330@test.com,Test,User,DATA200,A,80
user331@test.com,Test,User,DATA200,A,81
user332@test.com,Test,User,DATA200,A,82
user333@test.com,Test,User,DATA200,A,83
user334@test.com,Test,User,DATA200,A,84
user335@test.com,Test,User,DATA200,A,85
user336@test.com,Test,User,DATA200,A,86
user337@test.com,Test,User,DATA200,A,87
user338@test.com,Test,User,DATA200,A,88
user339@test.com,Test,User,DATA200,A,89
user340@test.com,Test,User,DATA200,A,90
user341@test.com,Test,User,DATA200,A,91
user342@test.com,Test,User,DATA200,A,92
user343@test.com,Test,User,DATA200,A,93
user344@test.com,Test,User,DATA200,A,94
user345@test.com,Test,User,DATA200,A,95
user346@test.com,Test,User,DATA200,A,96
user347@test.com,Test,User,DATA200,A,97
user348@test.com,Test,User,DATA200,A,98
user349@test.com,Test,User,DATA200,A,99
user350@test.com,Test,User,DATA200,A,50
user351@test.com,Test,User,DATA200,A,51
user352@test.com,Test,User,DATA200,A,52
user353@test.com,Test,User,DATA200,A,53
user354@test.com,Test,User,DATA200,A,54
user355@test.com,Test,User,DATA200,A,55
user356@test.com,Test,User,DATA200,A,56
user357@test.com,Test,User,DATA200,A,57
user358@test.com,Test,User,DATA200,A,58
user359@test.com,Test,User,DATA200,A,59
user360@test.com,Test,User,DATA200,A,60
user361@test.com,Test,User,DATA200,A,61
user362@test.com,Test,User,DATA200,A,62
user363@test.com,Test,User,DATA200,A,63
user364@test.com,Test,User,DATA200,A,64
user365@test.com,Test,User,DATA200,A,65
user366@test.com,Test,User,DATA200,A,66
user367@test.com,Test,User,DATA200,A,67
user368@test.com,Test,User,DATA200,A,68
user369@test.com,Test,User,DATA200,A,69
user370@test.com,Test,User,DATA200,A,70
user371@test.com,Test,User,DATA200,A,71
user372@test.com,Test,User,DATA200,A,72
user373@test.com,Test,User,DATA200,A,73
user374@test.com,Test,User,DATA200,A,74
user375@test.com,Test,User,DATA200,A,75
user376@test.com,Test,User,DATA200,A,76
user377@test.com,Test,User,DATA200,A,77
user378@test.com,Test,User,DATA200,A,78
user379@test.com,Test,User,DATA200,A,79
user380@test.com,Test,User,DATA200,A,80
user381@test.com,Test,User,DATA200,A,81
user382@test.com,Test,User,DATA200,A,82
user383@test.com,Test,User,DATA200,A,83
user384@test.com,Test,User,DATA200,A,84
user385@test.com,Test,User,DATA200,A,85
user386@test.com,Test,User,DATA200,A,86
user387@test.com,Test,User,DATA200,A,87
user388@test.com,Test,User,DATA200,A,88
user389@test.com,Test,User,DATA200,A,89
user390@test.com,Test,User,DATA200,A,90
user391@test.com,Test,User,DATA200,A,91
user392@test.com,Test,User,DATA200,A,92
user393@test.com,Test,User,DATA200,A,93
user394@test.com,Test,User,DATA200,A,94
user395@test.com,Test,User,DATA200,A,95
user396@test.com,Test,User,DATA200,A,96
user397@test.com,Test,User,DATA200,A,97
user398@test.com,Test,User,DATA200,A,98
user399@test.com,Test,User,DATA200,A,99
user400@test.com,Test,User,DATA200,A,50
user401@test.com,Test,User,DATA200,A,51
user402@test.com,Test,User,DATA200,A,52
user403@test.com,Test,User,DATA200,A,53
user404@test.com,Test,User,DATA200,A,54
user405@test.com,Test,User,DATA200,A,55
user406@test.com,Test,User,DATA200,A,56
user407@test.com,Test,User,DATA200,A,57
user408@test.com,Test,User,DATA200,A,58
user409@test.com,Test,User,DATA200,A,59
user410@test.com,Test,User,DATA200,A,60
user411@test.com,Test,User,DATA200,A,61
user412@test.com,Test,User,DATA200,A,62
user413@test.com,Test,User,DATA200,A,63
user414@test.com,Test,User,DATA200,A,64
user415@test.com,Test,User,DATA200,A,65
user416@test.com,Test,User,DATA200,A,66
user417@test.com,Test,User,DATA200,A,67
user418@test.com,Test,User,DATA200,A,68
user419@test.com,Test,User,DATA200,A,69
user420@test.com,Test,User,DATA200,A,70
user421@test.com,Test,User,DATA200,A,71
user422@test.com,Test,User,DATA200,A,72
user423@test.com,Test,User,DATA200,A,73
user424@test.com,Test,User,DATA200,A,74
user425@test.com,Test,User,DATA200,A,75
user426@test.com,Test,User,DATA200,A,76
user427@test.com,Test,User,DATA200,A,77
user428@test.com,Test,User,DATA200,A,78
user429@test.com,Test,User,DATA200,A,79
user430@test.com,Test,User,DATA200,A,80
user431@test.com,Test,User,DATA200,A,81
user432@test.com,Test,User,DATA200,A,82
user433@test.com,Test,User,DATA200,A,83
user434@test.com,Test,User,DATA200,A,84
user435@test.com,Test,User,DATA200,A,85
user436@test.com,Test,User,DATA200,A,86
user437@test.com,Test,User,DATA200,A,87
user438@test.com,Test,User,DATA200,A,88
user439@test.com,Test,User,DATA200,A,89
user440@test.com,Test,User,DATA200,A,90
user441@test.com,Test,User,DATA200,A,91
user442@test.com,Test,User,DATA200,A,92
user443@test.com,Test,User,DATA200,A,93
user444@test.com,Test,User,DATA200,A,94
user445@test.com,Test,User,DATA200,A,95
user446@test.com,Test,User,DATA200,A,96
user447@test.com,Test,User,DATA200,A,97
user448@test.com,Test,User,DATA200,A,98
user449@test.com,Test,User,DATA200,A,99
user450@test.com,Test,User,DATA200,A,50
user451@test.com,Test,User,DATA200,A,51
user452@test.com,Test,User,DATA200,A,52
user453@test.com,Test,User,DATA200,A,53
user454@test.com,Test,User,DATA200,A,54
user455@test.com,Test,User,DATA200,A,55
user456@test.com,Test,User,DATA200,A,56
user457@test.com,Test,User,DATA200,A,57
user458@test.com,Test,User,DATA200,A,58
user459@test.com,Test,User,DATA200,A,59
user460@test.com,Test,User,DATA200,A,60
user461@test.com,Test,User,DATA200,A,61
user462@test.com,Test,User,DATA200,A,62
user463@test.com,Test,User,DATA200,A,63
user464@test.com,Test,User,DATA200,A,64
user465@test.com,Test,User,DATA200,A,65
user466@test.com,Test,User,DATA200,A,66
user467@test.com,Test,User,DATA200,A,67
user468@test.com,Test,User,DATA200,A,68
user469@test.com,Test,User,DATA200,A,69
user470@test.com,Test,User,DATA200,A,70
user471@test.com,Test,User,DATA200,A,71
user472@test.com,Test,User,DATA200,A,72
user473@test.com,Test,User,DATA200,A,73
user474@test.com,Test,User,DATA200,A,74
user475@test.com,Test,User,DATA200,A,75
user476@test.com,Test,User,DATA200,A,76
user477@test.com,Test,User,DATA200,A,77
user478@test.com,Test,User,DATA200,A,78
user479@test.com,Test,User,DATA200,A,79
user480@test.com,Test,User,DATA200,A,80
user481@test.com,Test,User,DATA200,A,81
user482@test.com,Test,User,DATA200,A,82
user483@test.com,Test,User,DATA200,A,83
user484@test.com,Test,User,DATA200,A,84
user485@test.com,Test,User,DATA200,A,85
user486@test.com,Test,User,DATA200,A,86
user487@test.com,Test,User,DATA200,A,87
user488@test.com,Test,User,DATA200,A,88
user489@test.com,Test,User,DATA200,A,89
user490@test.com,Test,User,DATA200,A,90
user491@test.com,Test,User,DATA200,A,91
user492@test.com,Test,User,DATA200,A,92
user493@test.com,Test,User,DATA200,A,93
user494@test.com,Test,User,DATA200,A,94
user495@test.com,Test,User,DATA200,A,95
user496@test.com,Test,User,DATA200,A,96
user497@test.com,Test,User,DATA200,A,97
user498@test.com,Test,User,DATA200,A,98
user499@test.com,Test,User,DATA200,A,99
user500@test.com,Test,User,DATA200,A,50
user501@test.com,Test,User,DATA200,A,51
user502@test.com,Test,User,DATA200,A,52
user503@test.com,Test,User,DATA200,A,53
user504@test.com,Test,User,DATA200,A,54
user505@test.com,Test,User,DATA200,A,55
user506@test.com,Test,User,DATA200,A,56
user507@test.com,Test,User,DATA200,A,57
user508@test.com,Test,User,DATA200,A,58
user509@test.com,Test,User,DATA200,A,59
user510@test.com,Test,User,DATA200,A,60
user511@test.com,Test,User,DATA200,A,61
user512@test.com,Test,User,DATA200,A,62
user513@test.com,Test,User,DATA200,A,63
user514@test.com,Test,User,DATA200,A,64
user515@test.com,Test,User,DATA200,A,65
user516@test.com,Test,User,DATA200,A,66
user517@test.com,Test,User,DATA200,A,67
user518@test.com,Test,User,DATA200,A,68
user519@test.com,Test,User,DATA200,A,69
user520@test.com,Test,User,DATA200,A,70
user521@test.com,Test,User,DATA200,A,71
user522@test.com,Test,User,DATA200,A,72
user523@test.com,Test,User,DATA200,A,73
user524@test.com,Test,User,DATA200,A,74
user525@test.com,Test,User,DATA200,A,75
user526@test.com,Test,User,DATA200,A,76
user527@test.com,Test,User,DATA200,A,77
user528@test.com,Test,User,DATA200,A,78
user529@test.com,Test,User,DATA200,A,79
user530@test.com,Test,User,DATA200,A,80
user531@test.com,Test,User,DATA200,A,81
user532@test.com,Test,User,DATA200,A,82
user533@test.com,Test,User,DATA200,A,83
user534@test.com,Test,User,DATA200,A,84
user535@test.com,Test,User,DATA200,A,85
user536@test.com,Test,User,DATA200,A,86
user537@test.com,Test,User,DATA200,A,87
user538@test.com,Test,User,DATA200,A,88
user539@test.com,Test,User,DATA200,A,89
user540@test.com,Test,User,DATA200,A,90
user541@test.com,Test,User,DATA200,A,91
user542@test.com,Test,User,DATA200,A,92
user543@test.com,Test,User,DATA200,A,93
user544@test.com,Test,User,DATA200,A,94
user545@test.com,Test,User,DATA200,A,95
user546@test.com,Test,User,DATA200,A,96
user547@test.com,Test,User,DATA200,A,97
user548@test.com,Test,User,DATA200,A,98
user549@test.com,Test,User,DATA200,A,99
user550@test.com,Test,User,DATA200,A,50
user551@test.com,Test,User,DATA200,A,51
user552@test.com,Test,User,DATA200,A,52
user553@test.com,Test,User,DATA200,A,53
user554@test.com,Test,User,DATA200,A,54
user555@test.com,Test,User,DATA200,A,55
user556@test.com,Test,User,DATA200,A,56
user557@test.com,Test,User,DATA200,A,57
user558@test.com,Test,User,DATA200,A,58
user559@test.com,Test,User,DATA200,A,59
user560@test.com,Test,User,DATA200,A,60
user561@test.com,Test,User,DATA200,A,61
user562@test.com,Test,User,DATA200,A,62
user563@test.com,Test,User,DATA200,A,63
user564@test.com,Test,User,DATA200,A,64
user565@test.com,Test,User,DATA200,A,65
user566@test.com,Test,User,DATA200,A,66
user567@test.com,Test,User,DATA200,A,67
user568@test.com,Test,User,DATA200,A,68
user569@test.com,Test,User,DATA200,A,69
user570@test.com,Test,User,DATA200,A,70
user571@test.com,Test,User,DATA200,A,71
user572@test.com,Test,User,DATA200,A,72
user573@test.com,Test,User,DATA200,A,73
user574@test.com,Test,User,DATA200,A,74
user575@test.com,Test,User,DATA200,A,75
user576@test.com,Test,User,DATA200,A,76
user577@test.com,Test,User,DATA200,A,77
user578@test.com,Test,User,DATA200,A,78
user579@test.com,Test,User,DATA200,A,79
user580@test.com,Test,User,DATA200,A,80
user581@test.com,Test,User,DATA200,A,81
user582@test.com,Test,User,DATA200,A,82
user583@test.com,Test,User,DATA200,A,83
user584@test.com,Test,User,DATA200,A,84
user585@test.com,Test,User,DATA200,A,85
user586@test.com,Test,User,DATA200,A,86
user587@test.com,Test,User,DATA200,A,87
user588@test.com,Test,User,DATA200,A,88
user589@test.com,Test,User,DATA200,A,89
user590@test.com,Test,User,DATA200,A,90
user591@test.com,Test,User,DATA200,A,91
user592@test.com,Test,User,DATA200,A,92
user593@test.com,Test,User,DATA200,A,93
user594@test.com,Test,User,DATA200,A,94
user595@test.com,Test,User,DATA200,A,95
user596@test.com,Test,User,DATA200,A,96
user597@test.com,Test,User,DATA200,A,97
user598@test.com,Test,User,DATA200,A,98
user599@test.com,Test,User,DATA200,A,99
user600@test.com,Test,User,DATA200,A,50
user601@test.com,Test,User,DATA200,A,51
user602@test.com,Test,User,DATA200,A,52
user603@test.com,Test,User,DATA200,A,53
user604@test.com,Test,User,DATA200,A,54
user605@test.com,Test,User,DATA200,A,55
user606@test.com,Test,User,DATA200,A,56
user607@test.com,Test,User,DATA200,A,57
user608@test.com,Test,User,DATA200,A,58
user609@test.com,Test,User,DATA200,A,59
user610@test.com,Test,User,DATA200,A,60
user611@test.com,Test,User,DATA200,A,61
user612@test.com,Test,User,DATA200,A,62
user613@test.com,Test,User,DATA200,A,63
user614@test.com,Test,User,DATA200,A,64
user615@test.com,Test,User,DATA200,A,65
user616@test.com,Test,User,DATA200,A,66
user617@test.com,Test,User,DATA200,A,67
user618@test.com,Test,User,DATA200,A,68
user619@test.com,Test,User,DATA200,A,69
user620@test.com,Test,User,DATA200,A,70
user621@test.com,Test,User,DATA200,A,71
user622@test.com,Test,User,DATA200,A,72
user623@test.com,Test,User,DATA200,A,73
user624@test.com,Test,User,DATA200,A,74
user625@test.com,Test,User,DATA200,A,75
user626@test.com,Test,User,DATA200,A,76
user627@test.com,Test,User,DATA200,A,77
user628@test.com,Test,User,DATA200,A,78
user629@test.com,Test,User,DATA200,A,79
user630@test.com,Test,User,DATA200,A,80
user631@test.com,Test,User,DATA200,A,81
user632@test.com,Test,User,DATA200,A,82
user633@test.com,Test,User,DATA200,A,83
user634@test.com,Test,User,DATA200,A,84
user635@test.com,Test,User,DATA200,A,85
user636@test.com,Test,User,DATA200,A,86
user637@test.com,Test,User,DATA200,A,87
user638@test.com,Test,User,DATA200,A,88
user639@test.com,Test,User,DATA200,A,89
user640@test.com,Test,User,DATA200,A,90
user641@test.com,Test,User,DATA200,A,91
user642@test.com,Test,User,DATA200,A,92
user643@test.com,Test,User,DATA200,A,93
user644@test.com,Test,User,DATA200,A,94
user645@test.com,Test,User,DATA200,A,95
user646@test.com,Test,User,DATA200,A,96
user647@test.com,Test,User,DATA200,A,97
user648@test.com,Test,User,DATA200,A,98
user649@test.com,Test,User,DATA200,A,99
user650@test.com,Test,User,DATA200,A,50
user651@test.com,Test,User,DATA200,A,51
user652@test.com,Test,User,DATA200,A,52
user653@test.com,Test,User,DATA200,A,53
user654@test.com,Test,User,DATA200,A,54
user655@test.com,Test,User,DATA200,A,55
user656@test.com,Test,User,DATA200,A,56
user657@test.com,Test,User,DATA200,A,57
user658@test.com,Test,User,DATA200,A,58
user659@test.com,Test,User,DATA200,A,59
user660@test.com,Test,User,DATA200,A,60
user661@test.com,Test,User,DATA200,A,61
user662@test.com,Test,User,DATA200,A,62
user663@test.com,Test,User,DATA200,A,63
user664@test.com,Test,User,DATA200,A,64
user665@test.com,Test,User,DATA200,A,65
user666@test.com,Test,User,DATA200,A,66
user667@test.com,Test,User,DATA200,A,67
user668@test.com,Test,User,DATA200,A,68
user669@test.com,Test,User,DATA200,A,69
user670@test.com,Test,User,DATA200,A,70
user671@test.com,Test,User,DATA200,A,71
user672@test.com,Test,User,DATA200,A,72
user673@test.com,Test,User,DATA200,A,73
user674@test.com,Test,User,DATA200,A,74
user675@test.com,Test,User,DATA200,A,75
user676@test.com,Test,User,DATA200,A,76
user677@test.com,Test,User,DATA200,A,77
user678@test.com,Test,User,DATA200,A,78
user679@test.com,Test,User,DATA200,A,79
user680@test.com,Test,User,DATA200,A,80
user681@test.com,Test,User,DATA200,A,81
user682@test.com,Test,User,DATA200,A,82
user683@test.com,Test,User,DATA200,A,83
user684@test.com,Test,User,DATA200,A,84
user685@test.com,Test,User,DATA200,A,85
user686@test.com,Test,User,DATA200,A,86
user687@test.com,Test,User,DATA200,A,87
user688@test.com,Test,User,DATA200,A,88
user689@test.com,Test,User,DATA200,A,89
user690@test.com,Test,User,DATA200,A,90
user691@test.com,Test,User,DATA200,A,91
user692@test.com,Test,User,DATA200,A,92
user693@test.com,Test,User,DATA200,A,93
user694@test.com,Test,User,DATA200,A,94
user695@test.com,Test,User,DATA200,A,95
user696@test.com,Test,User,DATA200,A,96
user697@test.com,Test,User,DATA200,A,97
user698@test.com,Test,User,DATA200,A,98
user699@test.com,Test,User,DATA200,A,99
user700@test.com,Test,User,DATA200,A,50
user701@test.com,Test,User,DATA200,A,51
user702@test.com,Test,User,DATA200,A,52
user703@test.com,Test,User,DATA200,A,53
user704@test.com,Test,User,DATA200,A,54
user705@test.com,Test,User,DATA200,A,55
user706@test.com,Test,User,DATA200,A,56
user707@test.com,Test,User,DATA200,A,57
user708@test.com,Test,User,DATA200,A,58
user709@test.com,Test,User,DATA200,A,59
user710@test.com,Test,User,DATA200,A,60
user711@test.com,Test,User,DATA200,A,61
user712@test.com,Test,User,DATA200,A,62
user713@test.com,Test,User,DATA200,A,63
user714@test.com,Test,User,DATA200,A,64
user715@test.com,Test,User,DATA200,A,65
user716@test.com,Test,User,DATA200,A,66
user717@test.com,Test,User,DATA200,A,67
user718@test.com,Test,User,DATA200,A,68
user719@test.com,Test,User,DATA200,A,69
user720@test.com,Test,User,DATA200,A,70
user721@test.com,Test,User,DATA200,A,71
user722@test.com,Test,User,DATA200,A,72
user723@test.com,Test,User,DATA200,A,73
user724@test.com,Test,User,DATA200,A,74
user725@test.com,Test,User,DATA200,A,75
user726@test.com,Test,User,DATA200,A,76
user727@test.com,Test,User,DATA200,A,77
user728@test.com,Test,User,DATA200,A,78
user729@test.com,Test,User,DATA200,A,79
user730@test.com,Test,User,DATA200,A,80
user731@test.com,Test,User,DATA200,A,81
user732@test.com,Test,User,DATA200,A,82
user733@test.com,Test,User,DATA200,A,83
user734@test.com,Test,User,DATA200,A,84
user735@test.com,Test,User,DATA200,A,85
user736@test.com,Test,User,DATA200,A,86
user737@test.com,Test,User,DATA200,A,87
user738@test.com,Test,User,DATA200,A,88
user739@test.com,Test,User,DATA200,A,89
user740@test.com,Test,User,DATA200,A,90
user741@test.com,Test,User,DATA200,A,91
user742@test.com,Test,User,DATA200,A,92
user743@test.com,Test,User,DATA200,A,93
user744@test.com,Test,User,DATA200,A,94
user745@test.com,Test,User,DATA200,A,95
user746@test.com,Test,User,DATA200,A,96
user747@test.com,Test,User,DATA200,A,97
user748@test.com,Test,User,DATA200,A,98
user749@test.com,Test,User,DATA200,A,99
user750@test.com,Test,User,DATA200,A,50
user751@test.com,Test,User,DATA200,A,51
user752@test.com,Test,User,DATA200,A,52
user753@test.com,Test,User,DATA200,A,53
user754@test.com,Test,User,DATA200,A,54
user755@test.com,Test,User,DATA200,A,55
user756@test.com,Test,User,DATA200,A,56
user757@test.com,Test,User,DATA200,A,57
user758@test.com,Test,User,DATA200,A,58
user759@test.com,Test,User,DATA200,A,59
user760@test.com,Test,User,DATA200,A,60
user761@test.com,Test,User,DATA200,A,61
user762@test.com,Test,User,DATA200,A,62
user763@test.com,Test,User,DATA200,A,63
user764@test.com,Test,User,DATA200,A,64
user765@test.com,Test,User,DATA200,A,65
user766@test.com,Test,User,DATA200,A,66
user767@test.com,Test,User,DATA200,A,67
user768@test.com,Test,User,DATA200,A,68
user769@test.com,Test,User,DATA200,A,69
user770@test.com,Test,User,DATA200,A,70
user771@test.com,Test,User,DATA200,A,71
user772@test.com,Test,User,DATA200,A,72
user773@test.com,Test,User,DATA200,A,73
user774@test.com,Test,User,DATA200,A,74
user775@test.com,Test,User,DATA200,A,75
user776@test.com,Test,User,DATA200,A,76
user777@test.com,Test,User,DATA200,A,77
user778@test.com,Test,User,DATA200,A,78
user779@test.com,Test,User,DATA200,A,79
user780@test.com,Test,User,DATA200,A,80
user781@test.com,Test,User,DATA200,A,81
user782@test.com,Test,User,DATA200,A,82
user783@test.com,Test,User,DATA200,A,83
user784@test.com,Test,User,DATA200,A,84
user785@test.com,Test,User,DATA200,A,85
user786@test.com,Test,User,DATA200,A,86
user787@test.com,Test,User,DATA200,A,87
user788@test.com,Test,User,DATA200,A,88
user789@test.com,Test,User,DATA200,A,89
user790@test.com,Test,User,DATA200,A,90
user791@test.com,Test,User,DATA200,A,91
user792@test.com,Test,User,DATA200,A,92
user793@test.com,Test,User,DATA200,A,93
user794@test.com,Test,User,DATA200,A,94
user795@test.com,Test,User,DATA200,A,95
user796@test.com,Test,User,DATA200,A,96
user797@test.com,Test,User,DATA200,A,97
user798@test.com,Test,User,DATA200,A,98
user799@test.com,Test,User,DATA200,A,99
user800@test.com,Test,User,DATA200,A,50
user801@test.com,Test,User,DATA200,A,51
user802@test.com,Test,User,DATA200,A,52
user803@test.com,Test,User,DATA200,A,53
user804@test.com,Test,User,DATA200,A,54
user805@test.com,Test,User,DATA200,A,55
user806@test.com,Test,User,DATA200,A,56
user807@test.com,Test,User,DATA200,A,57
user808@test.com,Test,User,DATA200,A,58
user809@test.com,Test,User,DATA200,A,59
user810@test.com,Test,User,DATA200,A,60
user811@test.com,Test,User,DATA200,A,61
user812@test.com,Test,User,DATA200,A,62
user813@test.com,Test,User,DATA200,A,63
user814@test.com,Test,User,DATA200,A,64
user815@test.com,Test,User,DATA200,A,65
user816@test.com,Test,User,DATA200,A,66
user817@test.com,Test,User,DATA200,A,67
user818@test.com,Test,User,DATA200,A,68
user819@test.com,Test,User,DATA200,A,69
user820@test.com,Test,User,DATA200,A,70
user821@test.com,Test,User,DATA200,A,71
user822@test.com,Test,User,DATA200,A,72
user823@test.com,Test,User,DATA200,A,73
user824@test.com,Test,User,DATA200,A,74
user825@test.com,Test,User,DATA200,A,75
user826@test.com,Test,User,DATA200,A,76
user827@test.com,Test,User,DATA200,A,77
user828@test.com,Test,User,DATA200,A,78
user829@test.com,Test,User,DATA200,A,79
user830@test.com,Test,User,DATA200,A,80
user831@test.com,Test,User,DATA200,A,81
user832@test.com,Test,User,DATA200,A,82
user833@test.com,Test,User,DATA200,A,83
user834@test.com,Test,User,DATA200,A,84
user835@test.com,Test,User,DATA200,A,85
user836@test.com,Test,User,DATA200,A,86
user837@test.com,Test,User,DATA200,A,87
user838@test.com,Test,User,DATA200,A,88
user839@test.com,Test,User,DATA200,A,89
user840@test.com,Test,User,DATA200,A,90
user841@test.com,Test,User,DATA200,A,91
user842@test.com,Test,User,DATA200,A,92
user843@test.com,Test,User,DATA200,A,93
user844@test.com,Test,User,DATA200,A,94
user845@test.com,Test,User,DATA200,A,95
user846@test.com,Test,User,DATA200,A,96
user847@test.com,Test,User,DATA200,A,97
user848@test.com,Test,User,DATA200,A,98
user849@test.com,Test,User,DATA200,A,99
user850@test.com,Test,User,DATA200,A,50
user851@test.com,Test,User,DATA200,A,51
user852@test.com,Test,User,DATA200,A,52
user853@test.com,Test,User,DATA200,A,53
user854@test.com,Test,User,DATA200,A,54
user855@test.com,Test,User,DATA200,A,55
user856@test.com,Test,User,DATA200,A,56
user857@test.com,Test,User,DATA200,A,57
user858@test.com,Test,User,DATA200,A,58
user859@test.com,Test,User,DATA200,A,59
user860@test.com,Test,User,DATA200,A,60
user861@test.com,Test,User,DATA200,A,61
user862@test.com,Test,User,DATA200,A,62
user863@test.com,Test,User,DATA200,A,63
user864@test.com,Test,User,DATA200,A,64
user865@test.com,Test,User,DATA200,A,65
user866@test.com,Test,User,DATA200,A,66
user867@test.com,Test,User,DATA200,A,67
user868@test.com,Test,User,DATA200,A,68
user869@test.com,Test,User,DATA200,A,69
user870@test.com,Test,User,DATA200,A,70
user871@test.com,Test,User,DATA200,A,71
user872@test.com,Test,User,DATA200,A,72
user873@test.com,Test,User,DATA200,A,73
user874@test.com,Test,User,DATA200,A,74
user875@test.com,Test,User,DATA200,A,75
user876@test.com,Test,User,DATA200,A,76
user877@test.com,Test,User,DATA200,A,77
user878@test.com,Test,User,DATA200,A,78
user879@test.com,Test,User,DATA200,A,79
user880@test.com,Test,User,DATA200,A,80
user881@test.com,Test,User,DATA200,A,81
user882@test.com,Test,User,DATA200,A,82
user883@test.com,Test,User,DATA200,A,83
user884@test.com,Test,User,DATA200,A,84
user885@test.com,Test,User,DATA200,A,85
user886@test.com,Test,User,DATA200,A,86
user887@test.com,Test,User,DATA200,A,87
user888@test.com,Test,User,DATA200,A,88
user889@test.com,Test,User,DATA200,A,89
user890@test.com,Test,User,DATA200,A,90
user891@test.com,Test,User,DATA200,A,91
user892@test.com,Test,User,DATA200,A,92
user893@test.com,Test,User,DATA200,A,93
user894@test.com,Test,User,DATA200,A,94
user895@test.com,Test,User,DATA200,A,95
user896@test.com,Test,User,DATA200,A,96
user897@test.com,Test,User,DATA200,A,97
user898@test.com,Test,User,DATA200,A,98
user899@test.com,Test,User,DATA200,A,99
user900@test.com,Test,User,DATA200,A,50
user901@test.com,Test,User,DATA200,A,51
user902@test.com,Test,User,DATA200,A,52
user903@test.com,Test,User,DATA200,A,53
user904@test.com,Test,User,DATA200,A,54
user905@test.com,Test,User,DATA200,A,55
user906@test.com,Test,User,DATA200,A,56
user907@test.com,Test,User,DATA200,A,57
user908@test.com,Test,User,DATA200,A,58
user909@test.com,Test,User,DATA200,A,59
user910@test.com,Test,User,DATA200,A,60
user911@test.com,Test,User,DATA200,A,61
user912@test.com,Test,User,DATA200,A,62
user913@test.com,Test,User,DATA200,A,63
user914@test.com,Test,User,DATA200,A,64
user915@test.com,Test,User,DATA200,A,65
user916@test.com,Test,User,DATA200,A,66
user917@test.com,Test,User,DATA200,A,67
user918@test.com,Test,User,DATA200,A,68
user919@test.com,Test,User,DATA200,A,69
user920@test.com,Test,User,DATA200,A,70
user921@test.com,Test,User,DATA200,A,71
user922@test.com,Test,User,DATA200,A,72
user923@test.com,Test,User,DATA200,A,73
user924@test.com,Test,User,DATA200,A,74
user925@test.com,Test,User,DATA200,A,75
user926@test.com,Test,User,DATA200,A,76
user927@test.com,Test,User,DATA200,A,77
user928@test.com,Test,User,DATA200,A,78
user929@test.com,Test,User,DATA200,A,79
user930@test.com,Test,User,DATA200,A,80
user931@test.com,Test,User,DATA200,A,81
user932@test.com,Test,User,DATA200,A,82
user933@test.com,Test,User,DATA200,A,83
user934@test.com,Test,User,DATA200,A,84
user935@test.com,Test,User,DATA200,A,85
user936@test.com,Test,User,DATA200,A,86
user937@test.com,Test,User,DATA200,A,87
user938@test.com,Test,User,DATA200,A,88
user939@test.com,Test,User,DATA200,A,89
user940@test.com,Test,User,DATA200,A,90
user941@test.com,Test,User,DATA200,A,91
user942@test.com,Test,User,DATA200,A,92
user943@test.com,Test,User,DATA200,A,93
user944@test.com,Test,User,DATA200,A,94
user945@test.com,Test,User,DATA200,A,95
user946@test.com,Test,User,DATA200,A,96
user947@test.com,Test,User,DATA200,A,97
user948@test.com,Test,User,DATA200,A,98
user949@test.com,Test,User,DATA200,A,99
user950@test.com,Test,User,DATA200,A,50
user951@test.com,Test,User,DATA200,A,51
user952@test.com,Test,User,DATA200,A,52
user953@test.com,Test,User,DATA200,A,53
user954@test.com,Test,User,DATA200,A,54
user955@test.com,Test,User,DATA200,A,55
user956@test.com,Test,User,DATA200,A,56
user957@test.com,Test,User,DATA200,A,57
user958@test.com,Test,User,DATA200,A,58
user959@test.com,Test,User,DATA200,A,59
user960@test.com,Test,User,DATA200,A,60
user961@test.com,Test,User,DATA200,A,61
user962@test.com,Test,User,DATA200,A,62
user963@test.com,Test,User,DATA200,A,63
user964@test.com,Test,User,DATA200,A,64
user965@test.com,Test,User,DATA200,A,65
user966@test.com,Test,User,DATA200,A,66
user967@test.com,Test,User,DATA200,A,67
user968@test.com,Test,User,DATA200,A,68
user969@test.com,Test,User,DATA200,A,69
user970@test.com,Test,User,DATA200,A,70
user971@test.com,Test,User,DATA200,A,71
user972@test.com,Test,User,DATA200,A,72
user973@test.com,Test,User,DATA200,A,73
user974@test.com,Test,User,DATA200,A,74
user975@test.com,Test,User,DATA200,A,75
user976@test.com,Test,User,DATA200,A,76
user977@test.com,Test,User,DATA200,A,77
user978@test.com,Test,User,DATA200,A,78
user979@test.com,Test,User,DATA200,A,79
user980@test.com,Test,User,DATA200,A,80
user981@test.com,Test,User,DATA200,A,81
user982@test.com,Test,User,DATA200,A,82
user983@test.com,Test,User,DATA200,A,83
user984@test.com,Test,User,DATA200,A,84
user985@test.com,Test,User,DATA200,A,85
user986@test.com,Test,User,DATA200,A,86
user987@test.com,Test,User,DATA200,A,87
user988@test.com,Test,User,DATA200,A,88
user989@test.com,Test,User,DATA200,A,89
user990@test.com,Test,User,DATA200,A,90
user991@test.com,Test,User,DATA200,A,91
user992@test.com,Test,User,DATA200,A,92
user993@test.com,Test,User,DATA200,A,93
user994@test.com,Test,User,DATA200,A,94
user995@test.com,Test,User,DATA200,A,95
user996@test.com,Test,User,DATA200,A,96
user997@test.com,Test,User,DATA200,A,97
user998@test.com,Test,User,DATA200,A,98
user999@test.com,Test,User,DATA200,A,99
